[
  {"code":"CDG","name":"Charles de Gaulle","city":"Paris","country":"France"},
  {"code":"ORY","name":"Orly","city":"Paris","country":"France"},
  {"code":"NCE","name":"Côte d'Azur","city":"Nice","country":"France"},
  {"code":"LYS","name":"Saint-Exupéry","city":"Lyon","country":"France"},
  {"code":"MRS","name":"Marseille Provence","city":"Marseille","country":"France"},
  {"code":"BOD","name":"Bordeaux-Mérignac","city":"Bordeaux","country":"France"},
  {"code":"TLS","name":"Blagnac","city":"Toulouse","country":"France"},
  {"code":"LHR","name":"Heathrow","city":"London","country":"United Kingdom"},
  {"code":"LGW","name":"Gatwick","city":"London","country":"United Kingdom"},
  {"code":"STN","name":"Stansted","city":"London","country":"United Kingdom"},
  {"code":"AMS","name":"Schiphol","city":"Amsterdam","country":"Netherlands"},
  {"code":"FRA","name":"Frankfurt am Main","city":"Frankfurt","country":"Germany"},
  {"code":"MUC","name":"Franz Josef Strauss","city":"Munich","country":"Germany"},
  {"code":"MAD","name":"Barajas","city":"Madrid","country":"Spain"},
  {"code":"BCN","name":"El Prat","city":"Barcelona","country":"Spain"},
  {"code":"FCO","name":"Leonardo da Vinci (Fiumicino)","city":"Rome","country":"Italy"},
  {"code":"MXP","name":"Malpensa","city":"Milan","country":"Italy"},
  {"code":"ZRH","name":"Zurich","city":"Zurich","country":"Switzerland"},
  {"code":"VIE","name":"Vienna International","city":"Vienna","country":"Austria"},
  {"code":"BRU","name":"Brussels","city":"Brussels","country":"Belgium"},
  {"code":"LIS","name":"Humberto Delgado","city":"Lisbon","country":"Portugal"},
  {"code":"OPO","name":"Francisco Sá Carneiro","city":"Porto","country":"Portugal"},
  {"code":"JFK","name":"John F. Kennedy","city":"New York","country":"USA"},
  {"code":"EWR","name":"Newark Liberty","city":"Newark","country":"USA"},
  {"code":"LGA","name":"LaGuardia","city":"New York","country":"USA"},
  {"code":"BOS","name":"Logan","city":"Boston","country":"USA"},
  {"code":"IAD","name":"Dulles","city":"Washington","country":"USA"},
  {"code":"DCA","name":"Reagan National","city":"Washington","country":"USA"},
  {"code":"MIA","name":"Miami","city":"Miami","country":"USA"},
  {"code":"ATL","name":"Hartsfield–Jackson","city":"Atlanta","country":"USA"},
  {"code":"ORD","name":"O'Hare","city":"Chicago","country":"USA"},
  {"code":"DFW","name":"Dallas/Fort Worth","city":"Dallas","country":"USA"},
  {"code":"DEN","name":"Denver International","city":"Denver","country":"USA"},
  {"code":"SEA","name":"Seattle–Tacoma","city":"Seattle","country":"USA"},
  {"code":"SFO","name":"San Francisco","city":"San Francisco","country":"USA"},
  {"code":"LAX","name":"Los Angeles","city":"Los Angeles","country":"USA"},
  {"code":"HND","name":"Haneda","city":"Tokyo","country":"Japan"},
  {"code":"NRT","name":"Narita","city":"Tokyo","country":"Japan"},
  {"code":"KIX","name":"Kansai","city":"Osaka","country":"Japan"},
  {"code":"ICN","name":"Incheon","city":"Seoul","country":"South Korea"},
  {"code":"HKG","name":"Hong Kong","city":"Hong Kong","country":"China"},
  {"code":"SIN","name":"Changi","city":"Singapore","country":"Singapore"},
  {"code":"BKK","name":"Suvarnabhumi","city":"Bangkok","country":"Thailand"},
  {"code":"DXB","name":"Dubai International","city":"Dubai","country":"UAE"},
  {"code":"AUH","name":"Abu Dhabi","city":"Abu Dhabi","country":"UAE"},
  {"code":"DOH","name":"Hamad International","city":"Doha","country":"Qatar"},
  {"code":"IST","name":"Istanbul Airport","city":"Istanbul","country":"Turkey"},
  {"code":"SAW","name":"Sabiha Gökçen","city":"Istanbul","country":"Turkey"},
  {"code":"CAI","name":"Cairo International","city":"Cairo","country":"Egypt"},
  {"code":"CMN","name":"Mohammed V","city":"Casablanca","country":"Morocco"},
  {"code":"JNB","name":"O. R. Tambo","city":"Johannesburg","country":"South Africa"},
  {"code":"SYD","name":"Kingsford Smith","city":"Sydney","country":"Australia"},
  {"code":"MEL","name":"Melbourne","city":"Melbourne","country":"Australia"},
  {"code":"AKL","name":"Auckland","city":"Auckland","country":"New Zealand"},
  {"code":"YYZ","name":"Pearson","city":"Toronto","country":"Canada"},
  {"code":"YUL","name":"Montréal–Trudeau","city":"Montreal","country":"Canada"}
]
